insert into Rang(idRang, nbPlaces) values (1, 9);
insert into Rang(idRang, nbPlaces) values (2, 12);
insert into Rang(idRang, nbPlaces) values (3, 15);
insert into Rang(idRang, nbPlaces) values (4, 9);
insert into Rang(idRang, nbPlaces) values (5, 9);

insert into Instrument(idInstrument, nomInstrument) values (0, 'clarinette');
insert into Instrument(idInstrument, nomInstrument) values (1, 'flute');
insert into Instrument(idInstrument, nomInstrument) values (2, 'hautbois');
insert into Instrument(idInstrument, nomInstrument) values (3, 'sax');
insert into Instrument(idInstrument, nomInstrument) values (4, 'cor');
insert into Instrument(idInstrument, nomInstrument) values (5, 'basson');
insert into Instrument(idInstrument, nomInstrument) values (6, 'trompette');
insert into Instrument(idInstrument, nomInstrument) values (7, 'trombones');
insert into Instrument(idInstrument, nomInstrument) values (8, 'cornet');
insert into Instrument(idInstrument, nomInstrument) values (9, 'euphonium');
insert into Instrument(idInstrument, nomInstrument) values (10, 'tuba');
insert into Instrument(idInstrument, nomInstrument) values (11, 'percussions');



insert into Partie(idPartie) values ('1');
insert into Partie(idPartie) values ('2');
insert into Partie(idPartie) values ('3');
insert into Partie(idPartie) values ('4');
insert into Partie(idPartie) values ('barython');
insert into Partie(idPartie) values ('tenor');
insert into Partie(idPartie) values ('basse');

INSERT INTO Personne(idInstrument, nomPersonne, prenomPersonne) values (1, 'BROCH', 'Sidonie');
INSERT INTO Personne(idInstrument, nomPersonne, prenomPersonne) values (1, 'CLERC', 'Rémi');
INSERT INTO Personne(idInstrument, nomPersonne, prenomPersonne) values (1, 'CUELLAR', 'Eva');
INSERT INTO Personne(idInstrument, nomPersonne, prenomPersonne) values (1, 'DUJAMBON', 'Samantha');
INSERT INTO Personne(idInstrument, nomPersonne, prenomPersonne) values (1, 'WOLOSZYN-JONES', 'Talia');
INSERT INTO Personne(idInstrument, nomPersonne, prenomPersonne) values (1, 'MORHAIN', 'Valérie');
INSERT INTO Personne(idInstrument, nomPersonne, prenomPersonne) values (1, 'VOGE', 'Bozena');
INSERT INTO Personne(idInstrument, nomPersonne, prenomPersonne) values (2, 'BONNET', 'Marie-France');
INSERT INTO Personne(idInstrument, nomPersonne, prenomPersonne) values (2, 'MOINDREAU', 'Anne-Laure');
INSERT INTO Personne(idInstrument, nomPersonne, prenomPersonne) values (2, 'SORIANO', 'Claire');
INSERT INTO Personne(idInstrument, nomPersonne, prenomPersonne) values (5, 'BÉGOU', 'Pierre-Alain');
INSERT INTO Personne(idInstrument, nomPersonne, prenomPersonne) values (5, 'DIOGON', 'Jean-Baptiste');
INSERT INTO Personne(idInstrument, nomPersonne, prenomPersonne) values (5, 'DUFAYET', 'Martine');
INSERT INTO Personne(idInstrument, nomPersonne, prenomPersonne) values (0, 'BODEAU', 'François');
INSERT INTO Personne(idInstrument, nomPersonne, prenomPersonne) values (0, 'CARBONNIÈRE', 'Roger');
INSERT INTO Personne(idInstrument, nomPersonne, prenomPersonne) values (0, 'CARTIER', 'Pierre');
INSERT INTO Personne(idInstrument, nomPersonne, prenomPersonne) values (0, 'DELAIR', 'Laure');
INSERT INTO Personne(idInstrument, nomPersonne, prenomPersonne) values (0, 'DOPEUX', 'Sophie');
INSERT INTO Personne(idInstrument, nomPersonne, prenomPersonne) values (0, 'GIOUX', 'Emilie');
INSERT INTO Personne(idInstrument, nomPersonne, prenomPersonne) values (0, 'GIS', 'Adrien');
INSERT INTO Personne(idInstrument, nomPersonne, prenomPersonne) values (0, 'GUÉRIN', 'Lucie');
INSERT INTO Personne(idInstrument, nomPersonne, prenomPersonne) values (0, 'KABAB', 'Sabrina');
INSERT INTO Personne(idInstrument, nomPersonne, prenomPersonne) values (0, 'LETHIELLEUX', 'Agnès');
INSERT INTO Personne(idInstrument, nomPersonne, prenomPersonne) values (0, 'OUDARD', 'Manon');
INSERT INTO Personne(idInstrument, nomPersonne, prenomPersonne) values (0, 'PATURLE', 'Antoine');
INSERT INTO Personne(idInstrument, nomPersonne, prenomPersonne) values (0, 'PAYSAL', 'Justine');
INSERT INTO Personne(idInstrument, nomPersonne, prenomPersonne) values (0, 'PERICHON', 'Guillaume');
INSERT INTO Personne(idInstrument, nomPersonne, prenomPersonne) values (0, 'PETIOT', 'Valentine');
INSERT INTO Personne(idInstrument, nomPersonne, prenomPersonne) values (0, 'PROUTEAU', 'Justine');
INSERT INTO Personne(idInstrument, nomPersonne, prenomPersonne) values (0, 'RABOIN', 'Christelle');
INSERT INTO Personne(idInstrument, nomPersonne, prenomPersonne) values (0, 'RÉMY', 'Élise');
INSERT INTO Personne(idInstrument, nomPersonne, prenomPersonne) values (0, 'VERTU', 'Dominique');
INSERT INTO Personne(idInstrument, nomPersonne, prenomPersonne) values (3, 'BOICHUT', 'Philippe');
INSERT INTO Personne(idInstrument, nomPersonne, prenomPersonne) values (3, 'BRESSOULALY', 'Pierre');
INSERT INTO Personne(idInstrument, nomPersonne, prenomPersonne) values (3, 'BUTLER', 'Emily');
INSERT INTO Personne(idInstrument, nomPersonne, prenomPersonne) values (3, 'CASTELL', 'Emilie');
INSERT INTO Personne(idInstrument, nomPersonne, prenomPersonne) values (3, 'CHORDA', 'Marco');
INSERT INTO Personne(idInstrument, nomPersonne, prenomPersonne) values (3, 'GARCIA', 'Laurent');
INSERT INTO Personne(idInstrument, nomPersonne, prenomPersonne) values (3, 'JONES', 'Jenny');
INSERT INTO Personne(idInstrument, nomPersonne, prenomPersonne) values (3, 'PAGÈS', 'Alexis');
INSERT INTO Personne(idInstrument, nomPersonne, prenomPersonne) values (4, 'BERNAD', 'Marie-Pierre');
INSERT INTO Personne(idInstrument, nomPersonne, prenomPersonne) values (4, 'BIZOUARD', 'Adèle');
INSERT INTO Personne(idInstrument, nomPersonne, prenomPersonne) values (4, 'CROZAT', 'Baptiste');
INSERT INTO Personne(idInstrument, nomPersonne, prenomPersonne) values (4, 'GURLIAT', 'Olivier');
INSERT INTO Personne(idInstrument, nomPersonne, prenomPersonne) values (4, 'LETHIELLEUX', 'Patrick');
INSERT INTO Personne(idInstrument, nomPersonne, prenomPersonne) values (4, 'MARQUE', 'Roger');
INSERT INTO Personne(idInstrument, nomPersonne, prenomPersonne) values (4, 'RAGONNET', 'Michel');
INSERT INTO Personne(idInstrument, nomPersonne, prenomPersonne) values (4, 'ROUSSEL', 'Bénédicte');
INSERT INTO Personne(idInstrument, nomPersonne, prenomPersonne) values (6, 'BOZONNET', 'Cyril');
INSERT INTO Personne(idInstrument, nomPersonne, prenomPersonne) values (6, 'LAVET', 'Pierre');
INSERT INTO Personne(idInstrument, nomPersonne, prenomPersonne) values (6, 'CHADEYRON', 'Théo');
INSERT INTO Personne(idInstrument, nomPersonne, prenomPersonne) values (6, 'VAYSSIERE', 'Solène');
INSERT INTO Personne(idInstrument, nomPersonne, prenomPersonne) values (6, 'POTHERAT', 'Clément');
INSERT INTO Personne(idInstrument, nomPersonne, prenomPersonne) values (6, 'PRESLE', 'Pauline');
INSERT INTO Personne(idInstrument, nomPersonne, prenomPersonne) values (6, 'PUZIN', 'Tom');
INSERT INTO Personne(idInstrument, nomPersonne, prenomPersonne) values (8, 'CHAMBÉRY', 'Laurent');
INSERT INTO Personne(idInstrument, nomPersonne, prenomPersonne) values (8, 'VAN LEUVEN', 'Inge');
INSERT INTO Personne(idInstrument, nomPersonne, prenomPersonne) values (7, 'COUZELAS', 'Armand');
INSERT INTO Personne(idInstrument, nomPersonne, prenomPersonne) values (7, 'DE SOUSA RÉIS', 'Marc');
INSERT INTO Personne(idInstrument, nomPersonne, prenomPersonne) values (7, 'ESTIÈVENART', 'Guillaume');
INSERT INTO Personne(idInstrument, nomPersonne, prenomPersonne) values (7, 'LETHIELLEUX', 'Salomé');
INSERT INTO Personne(idInstrument, nomPersonne, prenomPersonne) values (9, 'DEPPOYAN', 'Anna');
INSERT INTO Personne(idInstrument, nomPersonne, prenomPersonne) values (9, 'LEMOINE', 'Marianne');
INSERT INTO Personne(idInstrument, nomPersonne, prenomPersonne) values (9, 'RÉTY', 'Eva');
INSERT INTO Personne(idInstrument, nomPersonne, prenomPersonne) values (10, 'DURIF', 'Claude');
INSERT INTO Personne(idInstrument, nomPersonne, prenomPersonne) values (10, 'FAURE', 'Pascal');
INSERT INTO Personne(idInstrument, nomPersonne, prenomPersonne) values (10, 'FROMAGEOT', 'Olivier');
INSERT INTO Personne(idInstrument, nomPersonne, prenomPersonne) values (10, 'MALJEVAC', 'Colin');
INSERT INTO Personne(idInstrument, nomPersonne, prenomPersonne) values (11, 'BARRAUX', 'Arthur');
INSERT INTO Personne(idInstrument, nomPersonne, prenomPersonne) values (11, 'GUITTON', 'Margot');
INSERT INTO Personne(idInstrument, nomPersonne, prenomPersonne) values (11, 'HAMONIC', 'Gaëlle');
INSERT INTO Personne(idInstrument, nomPersonne, prenomPersonne) values (11, 'HÉLIAKIS', 'Thomas');
INSERT INTO Personne(idInstrument, nomPersonne, prenomPersonne) values (11, 'RÉTY', 'Julian');
