insert into Rang(idRang, nbPlaces) values (1, 9);
insert into Rang(idRang, nbPlaces) values (2, 12);
insert into Rang(idRang, nbPlaces) values (3, 15);
insert into Rang(idRang, nbPlaces) values (4, 9);
insert into Rang(idRang, nbPlaces) values (5, 9);

insert into Instrument(idInstrument, nomInstrument) values (0, 'clarinette');
insert into Instrument(idInstrument, nomInstrument) values (1, 'flute');
insert into Instrument(idInstrument, nomInstrument) values (2, 'hautbois');
insert into Instrument(idInstrument, nomInstrument) values (3, 'sax');
insert into Instrument(idInstrument, nomInstrument) values (4, 'cor');
insert into Instrument(idInstrument, nomInstrument) values (5, 'basson');
insert into Instrument(idInstrument, nomInstrument) values (6, 'trompette');
insert into Instrument(idInstrument, nomInstrument) values (7, 'trombones');
insert into Instrument(idInstrument, nomInstrument) values (8, 'cornet');
insert into Instrument(idInstrument, nomInstrument) values (9, 'euphonium');
insert into Instrument(idInstrument, nomInstrument) values (10, 'tuba');
insert into Instrument(idInstrument, nomInstrument) values (11, 'percussions');



insert into Partie(idPartie) values ('1');
insert into Partie(idPartie) values ('2');
insert into Partie(idPartie) values ('3');
insert into Partie(idPartie) values ('4');
insert into Partie(idPartie) values ('barython');
insert into Partie(idPartie) values ('tenor');
insert into Partie(idPartie) values ('basse');
insert into Partie(idPartie) values ('alto');


INSERT INTO Personne(idInstrument, nomPersonne, prenomPersonne) values (1, 'BROCH', 'Sidonie');
INSERT INTO Personne(idInstrument, nomPersonne, prenomPersonne) values (1, 'CLERC', 'Rémi');
INSERT INTO Personne(idInstrument, nomPersonne, prenomPersonne) values (1, 'CUELLAR', 'Eva');
INSERT INTO Personne(idInstrument, nomPersonne, prenomPersonne) values (1, 'DUJAMBON', 'Samantha');
INSERT INTO Personne(idInstrument, nomPersonne, prenomPersonne) values (1, 'WOLOSZYN-JONES', 'Talia');
INSERT INTO Personne(idInstrument, nomPersonne, prenomPersonne) values (1, 'MORHAIN', 'Valérie');
INSERT INTO Personne(idInstrument, nomPersonne, prenomPersonne) values (1, 'VOGE', 'Bozena');
INSERT INTO Personne(idInstrument, nomPersonne, prenomPersonne) values (2, 'BONNET', 'Marie-France');
INSERT INTO Personne(idInstrument, nomPersonne, prenomPersonne) values (2, 'MOINDREAU', 'Anne-Laure');
INSERT INTO Personne(idInstrument, nomPersonne, prenomPersonne) values (2, 'SORIANO', 'Claire');
INSERT INTO Personne(idInstrument, nomPersonne, prenomPersonne) values (5, 'BÉGOU', 'Pierre-Alain');
INSERT INTO Personne(idInstrument, nomPersonne, prenomPersonne) values (5, 'DIOGON', 'Jean-Baptiste');
INSERT INTO Personne(idInstrument, nomPersonne, prenomPersonne) values (5, 'DUFAYET', 'Martine');
INSERT INTO Personne(idInstrument, nomPersonne, prenomPersonne) values (0, 'BODEAU', 'François');
INSERT INTO Personne(idInstrument, nomPersonne, prenomPersonne) values (0, 'CARBONNIÈRE', 'Roger');
INSERT INTO Personne(idInstrument, nomPersonne, prenomPersonne) values (0, 'CARTIER', 'Pierre');
INSERT INTO Personne(idInstrument, nomPersonne, prenomPersonne) values (0, 'DELAIR', 'Laure');
INSERT INTO Personne(idInstrument, nomPersonne, prenomPersonne) values (0, 'DOPEUX', 'Sophie');
INSERT INTO Personne(idInstrument, nomPersonne, prenomPersonne) values (0, 'GIOUX', 'Emilie');
INSERT INTO Personne(idInstrument, nomPersonne, prenomPersonne) values (0, 'GIS', 'Adrien');
INSERT INTO Personne(idInstrument, nomPersonne, prenomPersonne) values (0, 'GUÉRIN', 'Lucie');
INSERT INTO Personne(idInstrument, nomPersonne, prenomPersonne) values (0, 'KABAB', 'Sabrina');
INSERT INTO Personne(idInstrument, nomPersonne, prenomPersonne) values (0, 'LETHIELLEUX', 'Agnès');
INSERT INTO Personne(idInstrument, nomPersonne, prenomPersonne) values (0, 'OUDARD', 'Manon');
INSERT INTO Personne(idInstrument, nomPersonne, prenomPersonne) values (0, 'PATURLE', 'Antoine');
INSERT INTO Personne(idInstrument, nomPersonne, prenomPersonne) values (0, 'PAYSAL', 'Justine');
INSERT INTO Personne(idInstrument, nomPersonne, prenomPersonne) values (0, 'PERICHON', 'Guillaume');
INSERT INTO Personne(idInstrument, nomPersonne, prenomPersonne) values (0, 'PETIOT', 'Valentine');
INSERT INTO Personne(idInstrument, nomPersonne, prenomPersonne) values (0, 'PROUTEAU', 'Justine');
INSERT INTO Personne(idInstrument, nomPersonne, prenomPersonne) values (0, 'RABOIN', 'Christelle');
INSERT INTO Personne(idInstrument, nomPersonne, prenomPersonne) values (0, 'RÉMY', 'Élise');
INSERT INTO Personne(idInstrument, nomPersonne, prenomPersonne) values (0, 'VERTU', 'Dominique');
INSERT INTO Personne(idInstrument, nomPersonne, prenomPersonne) values (3, 'BOICHUT', 'Philippe');
INSERT INTO Personne(idInstrument, nomPersonne, prenomPersonne) values (3, 'BRESSOULALY', 'Pierre');
INSERT INTO Personne(idInstrument, nomPersonne, prenomPersonne) values (3, 'BUTLER', 'Emily');
INSERT INTO Personne(idInstrument, nomPersonne, prenomPersonne) values (3, 'CASTELL', 'Emilie');
INSERT INTO Personne(idInstrument, nomPersonne, prenomPersonne) values (3, 'CHORDA', 'Marco');
INSERT INTO Personne(idInstrument, nomPersonne, prenomPersonne) values (3, 'GARCIA', 'Laurent');
INSERT INTO Personne(idInstrument, nomPersonne, prenomPersonne) values (3, 'JONES', 'Jenny');
INSERT INTO Personne(idInstrument, nomPersonne, prenomPersonne) values (3, 'PAGÈS', 'Alexis');
INSERT INTO Personne(idInstrument, nomPersonne, prenomPersonne) values (4, 'BERNAD', 'Marie-Pierre');
INSERT INTO Personne(idInstrument, nomPersonne, prenomPersonne) values (4, 'BIZOUARD', 'Adèle');
INSERT INTO Personne(idInstrument, nomPersonne, prenomPersonne) values (4, 'CROZAT', 'Baptiste');
INSERT INTO Personne(idInstrument, nomPersonne, prenomPersonne) values (4, 'GURLIAT', 'Olivier');
INSERT INTO Personne(idInstrument, nomPersonne, prenomPersonne) values (4, 'LETHIELLEUX', 'Patrick');
INSERT INTO Personne(idInstrument, nomPersonne, prenomPersonne) values (4, 'MARQUE', 'Roger');
INSERT INTO Personne(idInstrument, nomPersonne, prenomPersonne) values (4, 'RAGONNET', 'Michel');
INSERT INTO Personne(idInstrument, nomPersonne, prenomPersonne) values (4, 'ROUSSEL', 'Bénédicte');
INSERT INTO Personne(idInstrument, nomPersonne, prenomPersonne) values (6, 'BOZONNET', 'Cyril');
INSERT INTO Personne(idInstrument, nomPersonne, prenomPersonne) values (6, 'LAVET', 'Pierre');
INSERT INTO Personne(idInstrument, nomPersonne, prenomPersonne) values (6, 'CHADEYRON', 'Théo');
INSERT INTO Personne(idInstrument, nomPersonne, prenomPersonne) values (6, 'VAYSSIER', 'Solène');
INSERT INTO Personne(idInstrument, nomPersonne, prenomPersonne) values (6, 'POTHERAT', 'Clément');
INSERT INTO Personne(idInstrument, nomPersonne, prenomPersonne) values (6, 'PRESLE', 'Pauline');
INSERT INTO Personne(idInstrument, nomPersonne, prenomPersonne) values (6, 'PUZIN', 'Tom');
INSERT INTO Personne(idInstrument, nomPersonne, prenomPersonne) values (8, 'CHAMBÉRY', 'Laurent');
INSERT INTO Personne(idInstrument, nomPersonne, prenomPersonne) values (8, 'VAN LEUVEN', 'Inge');
INSERT INTO Personne(idInstrument, nomPersonne, prenomPersonne) values (7, 'COUZELAS', 'Armand');
INSERT INTO Personne(idInstrument, nomPersonne, prenomPersonne) values (7, 'DE SOUSA RÉIS', 'Marc');
INSERT INTO Personne(idInstrument, nomPersonne, prenomPersonne) values (7, 'ESTIÈVENART', 'Guillaume');
INSERT INTO Personne(idInstrument, nomPersonne, prenomPersonne) values (7, 'LETHIELLEUX', 'Salomé');
INSERT INTO Personne(idInstrument, nomPersonne, prenomPersonne) values (9, 'DEPPOYAN', 'Anna');
INSERT INTO Personne(idInstrument, nomPersonne, prenomPersonne) values (9, 'LEMOINE', 'Marianne');
INSERT INTO Personne(idInstrument, nomPersonne, prenomPersonne) values (9, 'RÉTY', 'Eva');
INSERT INTO Personne(idInstrument, nomPersonne, prenomPersonne) values (10, 'DURIF', 'Claude');
INSERT INTO Personne(idInstrument, nomPersonne, prenomPersonne) values (10, 'FAURE', 'Pascal');
INSERT INTO Personne(idInstrument, nomPersonne, prenomPersonne) values (10, 'FROMAGEOT', 'Olivier');
INSERT INTO Personne(idInstrument, nomPersonne, prenomPersonne) values (10, 'MALJEVAC', 'Colin');
INSERT INTO Personne(idInstrument, nomPersonne, prenomPersonne) values (11, 'BARRAUX', 'Arthur');
INSERT INTO Personne(idInstrument, nomPersonne, prenomPersonne) values (11, 'GUITTON', 'Margot');
INSERT INTO Personne(idInstrument, nomPersonne, prenomPersonne) values (11, 'HAMONIC', 'Gaëlle');
INSERT INTO Personne(idInstrument, nomPersonne, prenomPersonne) values (11, 'HÉLIAKIS', 'Thomas');
INSERT INTO Personne(idInstrument, nomPersonne, prenomPersonne) values (11, 'RÉTY', 'Julian');

/* Clarinette */
Insert into Se_decline(idInstrument, idPartie, rangMax, rangMin, leftPriority) values (0, '1', 1, 1, 0);
Insert into Se_decline(idInstrument, idPartie, rangMax, rangMin, leftPriority) values (0, '2', 1, 2, 0);
Insert into Se_decline(idInstrument, idPartie, rangMax, rangMin, leftPriority) values (0, '3', 2, 3, 0);
Insert into Se_decline(idInstrument, idPartie, rangMax, rangMin, leftPriority) values (0, 'alto', 1, 3, 0);
Insert into Se_decline(idInstrument, idPartie, rangMax, rangMin, leftPriority) values (0, 'basse', 2, 3, 0);
/* Saxophone */
Insert into Se_decline(idInstrument, idPartie, rangMax, rangMin, leftPriority) values (3, '1', 1, 2, 0);
Insert into Se_decline(idInstrument, idPartie, rangMax, rangMin, leftPriority) values (3, '2', 1, 2, 0);
Insert into Se_decline(idInstrument, idPartie, rangMax, rangMin, leftPriority) values (3, 'tenor', 2, 3, 0);
Insert into Se_decline(idInstrument, idPartie, rangMax, rangMin, leftPriority) values (3, 'barython', 2, 3, 0);
/* Flute */
Insert into Se_decline(idInstrument, idPartie, rangMax, rangMin, leftPriority) values (1, '1', 1, 2, 0);
Insert into Se_decline(idInstrument, idPartie, rangMax, rangMin, leftPriority) values (1, '2', 1, 2, 0);
Insert into Se_decline(idInstrument, idPartie, rangMax, rangMin, leftPriority) values (1, '3', 1, 2, 0);
Insert into Se_decline(idInstrument, idPartie, rangMax, rangMin, leftPriority) values (1, '4', 1, 2, 0);
/* Cor anglais / hautbois */
Insert into Se_decline(idInstrument, idPartie, rangMax, rangMin, leftPriority) values (2, '1', 1, 1, 0);
/* Basson */
Insert into Se_decline(idInstrument, idPartie, rangMax, rangMin, leftPriority) values (5, '1', 2, 3, 0);
Insert into Se_decline(idInstrument, idPartie, rangMax, rangMin, leftPriority) values (5, '2', 2, 3, 0);
Insert into Se_decline(idInstrument, idPartie, rangMax, rangMin, leftPriority) values (5, '3', 2, 3, 0);
Insert into Se_decline(idInstrument, idPartie, rangMax, rangMin, leftPriority) values (5, 'basse', 2, 3, 0);
/* Cor */
Insert into Se_decline(idInstrument, idPartie, rangMax, rangMin, leftPriority) values (4, '1', 2, 4, 0);
Insert into Se_decline(idInstrument, idPartie, rangMax, rangMin, leftPriority) values (4, '2', 2, 4, 0);
Insert into Se_decline(idInstrument, idPartie, rangMax, rangMin, leftPriority) values (4, '3', 2, 4, 0);
Insert into Se_decline(idInstrument, idPartie, rangMax, rangMin, leftPriority) values (4, '4', 2, 4, 0);
/* Cornet */
Insert into Se_decline(idInstrument, idPartie, rangMax, rangMin, leftPriority) values (8, '1', 3, 4, 0);
Insert into Se_decline(idInstrument, idPartie, rangMax, rangMin, leftPriority) values (8, '2', 3, 4, 0);
/* Euphonium */
Insert into Se_decline(idInstrument, idPartie, rangMax, rangMin, leftPriority) values (9, '1', 3, 4, 0);
Insert into Se_decline(idInstrument, idPartie, rangMax, rangMin, leftPriority) values (9, '2', 3, 4, 0);
Insert into Se_decline(idInstrument, idPartie, rangMax, rangMin, leftPriority) values (9, '3', 3, 4, 0);
/* Tuba */
Insert into Se_decline(idInstrument, idPartie, rangMax, rangMin, leftPriority) values (10, '1', 3, 5, 0);
Insert into Se_decline(idInstrument, idPartie, rangMax, rangMin, leftPriority) values (10, '2', 3, 5, 0);
/* Trompette */
Insert into Se_decline(idInstrument, idPartie, rangMax, rangMin, leftPriority) values (6, '1', 5, 5, 0);
Insert into Se_decline(idInstrument, idPartie, rangMax, rangMin, leftPriority) values (6, '2', 5, 5, 0);
Insert into Se_decline(idInstrument, idPartie, rangMax, rangMin, leftPriority) values (6, '3', 5, 5, 0);
Insert into Se_decline(idInstrument, idPartie, rangMax, rangMin, leftPriority) values (6, '4', 5, 5, 0);
/* Trombone */
Insert into Se_decline(idInstrument, idPartie, rangMax, rangMin, leftPriority) values (7, '1', 5, 5, 0);
Insert into Se_decline(idInstrument, idPartie, rangMax, rangMin, leftPriority) values (7, '2', 5, 5, 0);
Insert into Se_decline(idInstrument, idPartie, rangMax, rangMin, leftPriority) values (7, '3', 5, 5, 0);
Insert into Se_decline(idInstrument, idPartie, rangMax, rangMin, leftPriority) values (7, '4', 5, 5, 0);
Insert into Se_decline(idInstrument, idPartie, rangMax, rangMin, leftPriority) values (7, 'basse', 5, 5, 0);
/* Contrebasse */
Insert into Se_decline(idInstrument, idPartie, rangMax, rangMin, leftPriority) values (12, '1', 5, 6, 0);
/* Percu */
Insert into Se_decline(idInstrument, idPartie, rangMax, rangMin, leftPriority) values (11, '1', 6, 6, 0);
